location,age,education,word
Russia,35,dog Owner,A
Russia,35,dog Owner,dog
Russia,35,dog Owner,hunts
Russia,35,dog Owner,a
Russia,35,                              ,bright
Russia,35, ,spot
Russia,35,dog Owner,on
Russia,35,dog Owner,the
Russia,35,dog Owner,screen
Russia,35,dog Owner,Playing
Russia,35,dog Owner,in
Russia,35,dog Owner,the
Russia,35,dog Owner,hunt
Russia,35,dog Owner,Playing
Russia,35,dog Owner,Enthusiasm
Russia,45,reading courses animalterapii and animal psychology,play
Russia,45,reading courses animalterapii and animal psychology,behavior
Russia,45,reading courses animalterapii and animal psychology,closely
Russia,45,reading courses animalterapii and animal psychology,following
Russia,45,reading courses animalterapii and animal psychology,the
Russia,45,reading courses animalterapii and animal psychology,moving
Russia,45,reading courses animalterapii and animal psychology,object
Russia,45,reading courses animalterapii and animal psychology,on
Russia,45,reading courses animalterapii and animal psychology,the
Russia,45,reading courses animalterapii and animal psychology,tablet
Russia,45,reading courses animalterapii and animal psychology,screen
Russia,45,reading courses animalterapii and animal psychology,trying
Russia,45,reading courses animalterapii and animal psychology,to
Russia,45,reading courses animalterapii and animal psychology,catch
Russia,45,reading courses animalterapii and animal psychology,his
Russia,45,reading courses animalterapii and animal psychology,paw
Russia,45,reading courses animalterapii and animal psychology,with
Russia,45,reading courses animalterapii and animal psychology,the
Russia,45,reading courses animalterapii and animal psychology,disappearance
Russia,45,reading courses animalterapii and animal psychology,of
Russia,45,reading courses animalterapii and animal psychology,the
Russia,45,reading courses animalterapii and animal psychology,visual
Russia,45,reading courses animalterapii and animal psychology,field
Russia,45,reading courses animalterapii and animal psychology,-
Russia,45,reading courses animalterapii and animal psychology,anticipates
Russia,45,reading courses animalterapii and animal psychology,the
Russia,45,reading courses animalterapii and animal psychology,location
Russia,45,reading courses animalterapii and animal psychology,where
Russia,45,reading courses animalterapii and animal psychology,the
Russia,45,reading courses animalterapii and animal psychology,subject
Russia,45,reading courses animalterapii and animal psychology,interest
Russia,45,reading courses animalterapii and animal psychology,attention
Russia,45,reading courses animalterapii and animal psychology,the
Russia,45,reading courses animalterapii and animal psychology,predominance
Russia,45,reading courses animalterapii and animal psychology,of
Russia,45,reading courses animalterapii and animal psychology,visual
Russia,45,reading courses animalterapii and animal psychology,perception
Russia,45,reading courses animalterapii and animal psychology,great
Russia,45,reading courses animalterapii and animal psychology,excitement
Russia,45,reading courses animalterapii and animal psychology,interest
Israel,35,beginner,Dog
Israel,35,beginner,plays
Israel,35,beginner,with
Israel,35,beginner,the
Israel,35,beginner,tablet
Israel,35,beginner,He
Israel,35,beginner,is
Israel,35,beginner,playing
Israel,35,beginner,with
Israel,35,beginner,the
Israel,35,beginner,tablet
Israel,35,beginner,trying
Israel,35,beginner,to
Israel,35,beginner,dig
Israel,35,beginner,out
Israel,35,beginner,the
Israel,35,beginner,ball
Israel,35,beginner,Playing
Israel,35,beginner,She
Israel,35,beginner,likes
Israel,40,For a basic understanding of the behavior of dogs online courses reading of literature,The
Israel,40,For a basic understanding of the behavior of dogs online courses reading of literature,tablet
Israel,40,For a basic understanding of the behavior of dogs online courses reading of literature,and
Israel,40,For a basic understanding of the behavior of dogs online courses reading of literature,the
Israel,40,For a basic understanding of the behavior of dogs online courses reading of literature,dog
Israel,40,For a basic understanding of the behavior of dogs online courses reading of literature,He
Israel,40,For a basic understanding of the behavior of dogs online courses reading of literature,is
Israel,40,For a basic understanding of the behavior of dogs online courses reading of literature,trying
Israel,40,For a basic understanding of the behavior of dogs online courses reading of literature,to
Israel,40,For a basic understanding of the behavior of dogs online courses reading of literature,catch
Israel,40,For a basic understanding of the behavior of dogs online courses reading of literature,something
Israel,40,For a basic understanding of the behavior of dogs online courses reading of literature,capture
Israel,40,For a basic understanding of the behavior of dogs online courses reading of literature,overexcited
Russia,36 years,For a basic understanding of the behavior of dogs online courses reading of literature,Yorkshire
Russia,36 years,For a basic understanding of the behavior of dogs online courses reading of literature,Terrier
Russia,36 years,For a basic understanding of the behavior of dogs online courses reading of literature,trying
Russia,36 years,For a basic understanding of the behavior of dogs online courses reading of literature,to
Russia,36 years,For a basic understanding of the behavior of dogs online courses reading of literature,catch
Russia,36 years,For a basic understanding of the behavior of dogs online courses reading of literature,a
Russia,36 years,For a basic understanding of the behavior of dogs online courses reading of literature,moving
Russia,36 years,For a basic understanding of the behavior of dogs online courses reading of literature,point
Russia,36 years,For a basic understanding of the behavior of dogs online courses reading of literature,spot
Russia,36 years,For a basic understanding of the behavior of dogs online courses reading of literature,that
Russia,36 years,For a basic understanding of the behavior of dogs online courses reading of literature,moves
Russia,36 years,For a basic understanding of the behavior of dogs online courses reading of literature,across
Russia,36 years,For a basic understanding of the behavior of dogs online courses reading of literature,the
Russia,36 years,For a basic understanding of the behavior of dogs online courses reading of literature,screen
Russia,36 years,For a basic understanding of the behavior of dogs online courses reading of literature,of
Russia,36 years,For a basic understanding of the behavior of dogs online courses reading of literature,the
Russia,36 years,For a basic understanding of the behavior of dogs online courses reading of literature,tablet
Russia,36 years,For a basic understanding of the behavior of dogs online courses reading of literature,Its
Russia,36 years,For a basic understanding of the behavior of dogs online courses reading of literature,like
Russia,36 years,For a basic understanding of the behavior of dogs online courses reading of literature,playing
Russia,36 years,For a basic understanding of the behavior of dogs online courses reading of literature,with
Russia,36 years,For a basic understanding of the behavior of dogs online courses reading of literature,a
Russia,36 years,For a basic understanding of the behavior of dogs online courses reading of literature,cat
Russia,36 years,For a basic understanding of the behavior of dogs online courses reading of literature,dog
Russia,36 years,For a basic understanding of the behavior of dogs online courses reading of literature,and
Russia,36 years,For a basic understanding of the behavior of dogs online courses reading of literature,a
Russia,36 years,For a basic understanding of the behavior of dogs online courses reading of literature,laser
Russia,36 years,For a basic understanding of the behavior of dogs online courses reading of literature,pointer
Russia,36 years,For a basic understanding of the behavior of dogs online courses reading of literature,but
Russia,36 years,For a basic understanding of the behavior of dogs online courses reading of literature,on
Russia,36 years,For a basic understanding of the behavior of dogs online courses reading of literature,the
Russia,36 years,For a basic understanding of the behavior of dogs online courses reading of literature,tablet
Russia,36 years,For a basic understanding of the behavior of dogs online courses reading of literature,Unfortunately
Russia,36 years,For a basic understanding of the behavior of dogs online courses reading of literature,it
Russia,36 years,For a basic understanding of the behavior of dogs online courses reading of literature,is
Russia,36 years,For a basic understanding of the behavior of dogs online courses reading of literature,not
Russia,36 years,For a basic understanding of the behavior of dogs online courses reading of literature,clear
Russia,36 years,For a basic understanding of the behavior of dogs online courses reading of literature,whether
Russia,36 years,For a basic understanding of the behavior of dogs online courses reading of literature,there
Russia,36 years,For a basic understanding of the behavior of dogs online courses reading of literature,is
Russia,36 years,For a basic understanding of the behavior of dogs online courses reading of literature,something
Russia,36 years,For a basic understanding of the behavior of dogs online courses reading of literature,to
Russia,36 years,For a basic understanding of the behavior of dogs online courses reading of literature,the
Russia,36 years,For a basic understanding of the behavior of dogs online courses reading of literature,game
Russia,36 years,For a basic understanding of the behavior of dogs online courses reading of literature,spot
Russia,36 years,For a basic understanding of the behavior of dogs online courses reading of literature,when
Russia,36 years,For a basic understanding of the behavior of dogs online courses reading of literature,the
Russia,36 years,For a basic understanding of the behavior of dogs online courses reading of literature,dog
Russia,36 years,For a basic understanding of the behavior of dogs online courses reading of literature,catches
Russia,36 years,For a basic understanding of the behavior of dogs online courses reading of literature,a
Russia,36 years,For a basic understanding of the behavior of dogs online courses reading of literature,spot
Russia,36 years,For a basic understanding of the behavior of dogs online courses reading of literature,on
Russia,36 years,For a basic understanding of the behavior of dogs online courses reading of literature,the
Russia,36 years,For a basic understanding of the behavior of dogs online courses reading of literature,screen
Russia,36 years,For a basic understanding of the behavior of dogs online courses reading of literature,At
Russia,36 years,For a basic understanding of the behavior of dogs online courses reading of literature,the
Russia,36 years,For a basic understanding of the behavior of dogs online courses reading of literature,end
Russia,36 years,For a basic understanding of the behavior of dogs online courses reading of literature,of
Russia,36 years,For a basic understanding of the behavior of dogs online courses reading of literature,the
Russia,36 years,For a basic understanding of the behavior of dogs online courses reading of literature,video
Russia,36 years,For a basic understanding of the behavior of dogs online courses reading of literature,it
Russia,36 years,For a basic understanding of the behavior of dogs online courses reading of literature,seems
Russia,36 years,For a basic understanding of the behavior of dogs online courses reading of literature,that
Russia,36 years,For a basic understanding of the behavior of dogs online courses reading of literature,the
Russia,36 years,For a basic understanding of the behavior of dogs online courses reading of literature,stain
Russia,36 years,For a basic understanding of the behavior of dogs online courses reading of literature,disappears
Russia,36 years,For a basic understanding of the behavior of dogs online courses reading of literature,if
Russia,36 years,For a basic understanding of the behavior of dogs online courses reading of literature,the
Russia,36 years,For a basic understanding of the behavior of dogs online courses reading of literature,dog
Russia,36 years,For a basic understanding of the behavior of dogs online courses reading of literature,fails
Russia,36 years,For a basic understanding of the behavior of dogs online courses reading of literature,to
Russia,36 years,For a basic understanding of the behavior of dogs online courses reading of literature,catch
Russia,36 years,For a basic understanding of the behavior of dogs online courses reading of literature,it
Russia,36 years,For a basic understanding of the behavior of dogs online courses reading of literature,exactly
Russia,36 years,For a basic understanding of the behavior of dogs online courses reading of literature,The
Russia,36 years,For a basic understanding of the behavior of dogs online courses reading of literature,dog
Russia,36 years,For a basic understanding of the behavior of dogs online courses reading of literature,stares
Russia,36 years,For a basic understanding of the behavior of dogs online courses reading of literature,at
Russia,36 years,For a basic understanding of the behavior of dogs online courses reading of literature,a
Russia,36 years,For a basic understanding of the behavior of dogs online courses reading of literature,spot-moving
Russia,36 years,For a basic understanding of the behavior of dogs online courses reading of literature,trying
Russia,36 years,For a basic understanding of the behavior of dogs online courses reading of literature,to
Russia,36 years,For a basic understanding of the behavior of dogs online courses reading of literature,catch
Russia,36 years,For a basic understanding of the behavior of dogs online courses reading of literature,his
Russia,36 years,For a basic understanding of the behavior of dogs online courses reading of literature,paw
Russia,36 years,For a basic understanding of the behavior of dogs online courses reading of literature,in
Russia,36 years,For a basic understanding of the behavior of dogs online courses reading of literature,my
Russia,36 years,For a basic understanding of the behavior of dogs online courses reading of literature,opinion
Russia,36 years,For a basic understanding of the behavior of dogs online courses reading of literature,sometimes
Russia,36 years,For a basic understanding of the behavior of dogs online courses reading of literature,it
Russia,36 years,For a basic understanding of the behavior of dogs online courses reading of literature,succeeds
Russia,36 years,For a basic understanding of the behavior of dogs online courses reading of literature,At
Russia,36 years,For a basic understanding of the behavior of dogs online courses reading of literature,the
Russia,36 years,For a basic understanding of the behavior of dogs online courses reading of literature,end
Russia,36 years,For a basic understanding of the behavior of dogs online courses reading of literature,of
Russia,36 years,For a basic understanding of the behavior of dogs online courses reading of literature,the
Russia,36 years,For a basic understanding of the behavior of dogs online courses reading of literature,video
Russia,36 years,For a basic understanding of the behavior of dogs online courses reading of literature,it
Russia,36 years,For a basic understanding of the behavior of dogs online courses reading of literature,seems
Russia,36 years,For a basic understanding of the behavior of dogs online courses reading of literature,or
Russia,36 years,For a basic understanding of the behavior of dogs online courses reading of literature,respond
Russia,36 years,For a basic understanding of the behavior of dogs online courses reading of literature,to
Russia,36 years,For a basic understanding of the behavior of dogs online courses reading of literature,any
Russia,36 years,For a basic understanding of the behavior of dogs online courses reading of literature,sign
Russia,36 years,For a basic understanding of the behavior of dogs online courses reading of literature,voice
Russia,36 years,For a basic understanding of the behavior of dogs online courses reading of literature,host
Russia,36 years,For a basic understanding of the behavior of dogs online courses reading of literature,look
Russia,36 years,For a basic understanding of the behavior of dogs online courses reading of literature,without
Russia,36 years,For a basic understanding of the behavior of dogs online courses reading of literature,sound
Russia,36 years,For a basic understanding of the behavior of dogs online courses reading of literature,He
Russia,36 years,For a basic understanding of the behavior of dogs online courses reading of literature,is
Russia,36 years,For a basic understanding of the behavior of dogs online courses reading of literature,interested
Russia,36 years,For a basic understanding of the behavior of dogs online courses reading of literature,in
Russia,36 years,For a basic understanding of the behavior of dogs online courses reading of literature,the
Russia,36 years,For a basic understanding of the behavior of dogs online courses reading of literature,game
Russia,36 years,For a basic understanding of the behavior of dogs online courses reading of literature,is
Russia,36 years,For a basic understanding of the behavior of dogs online courses reading of literature,actively
Russia,36 years,For a basic understanding of the behavior of dogs online courses reading of literature,involved
Russia,36 years,For a basic understanding of the behavior of dogs online courses reading of literature,and
Russia,36 years,For a basic understanding of the behavior of dogs online courses reading of literature,tries
Russia,36 years,For a basic understanding of the behavior of dogs online courses reading of literature,to
Russia,36 years,For a basic understanding of the behavior of dogs online courses reading of literature,touch
Russia,36 years,For a basic understanding of the behavior of dogs online courses reading of literature,his
Russia,36 years,For a basic understanding of the behavior of dogs online courses reading of literature,paw
Russia,36 years,For a basic understanding of the behavior of dogs online courses reading of literature,up
Russia,36 years,For a basic understanding of the behavior of dogs online courses reading of literature,spot
Russia,36 years,For a basic understanding of the behavior of dogs online courses reading of literature,I
Russia,36 years,For a basic understanding of the behavior of dogs online courses reading of literature,think
Russia,36 years,For a basic understanding of the behavior of dogs online courses reading of literature,from
Russia,36 years,For a basic understanding of the behavior of dogs online courses reading of literature,time
Russia,36 years,For a basic understanding of the behavior of dogs online courses reading of literature,to
Russia,36 years,For a basic understanding of the behavior of dogs online courses reading of literature,time
Russia,36 years,For a basic understanding of the behavior of dogs online courses reading of literature,a
Russia,36 years,For a basic understanding of the behavior of dogs online courses reading of literature,dog
Russia,36 years,For a basic understanding of the behavior of dogs online courses reading of literature,digging
Russia,36 years,For a basic understanding of the behavior of dogs online courses reading of literature,in
Russia,36 years,For a basic understanding of the behavior of dogs online courses reading of literature,a
Russia,36 years,For a basic understanding of the behavior of dogs online courses reading of literature,trance
Russia,36 years,For a basic understanding of the behavior of dogs online courses reading of literature,she
Russia,36 years,For a basic understanding of the behavior of dogs online courses reading of literature,was
Russia,36 years,For a basic understanding of the behavior of dogs online courses reading of literature,excited
Russia,37,The expert  professional,York
Russia,37,The expert  professional,and
Russia,37,The expert  professional,the
Russia,37,The expert  professional,plate
Russia,37,The expert  professional,Trying
Russia,37,The expert  professional,to
Russia,37,The expert  professional,catch
Russia,37,The expert  professional,a
Russia,37,The expert  professional,virtual
Russia,37,The expert  professional,ball
Russia,37,The expert  professional,Excitation
Russia,37,The expert  professional,The
Russia,37,The expert  professional,desire
Russia,37,The expert  professional,to
Russia,37,The expert  professional,get
Russia,37,The expert  professional,balls
USA,40,For a basic understanding of the behavior of dogs online courses reading of literature,new
USA,40,For a basic understanding of the behavior of dogs online courses reading of literature,time
USA,40,For a basic understanding of the behavior of dogs online courses reading of literature,reality
USA,40,For a basic understanding of the behavior of dogs online courses reading of literature,show
USA,40,For a basic understanding of the behavior of dogs online courses reading of literature,-
USA,40,For a basic understanding of the behavior of dogs online courses reading of literature,animals
USA,40,For a basic understanding of the behavior of dogs online courses reading of literature,and
USA,40,For a basic understanding of the behavior of dogs online courses reading of literature,gadgets
USA,40,For a basic understanding of the behavior of dogs online courses reading of literature,paw
USA,40,For a basic understanding of the behavior of dogs online courses reading of literature,trying
USA,40,For a basic understanding of the behavior of dogs online courses reading of literature,to
USA,40,For a basic understanding of the behavior of dogs online courses reading of literature,catch
USA,40,For a basic understanding of the behavior of dogs online courses reading of literature,a
USA,40,For a basic understanding of the behavior of dogs online courses reading of literature,moving
USA,40,For a basic understanding of the behavior of dogs online courses reading of literature,target
USA,40,For a basic understanding of the behavior of dogs online courses reading of literature,she
USA,40,For a basic understanding of the behavior of dogs online courses reading of literature,plays
USA,40,For a basic understanding of the behavior of dogs online courses reading of literature,obviously
USA,40,For a basic understanding of the behavior of dogs online courses reading of literature,excitement
Russia,59,dog Owner,The
Russia,59,dog Owner,dog
Russia,59,dog Owner,show
Russia,59,dog Owner,toy
Russia,59,dog Owner,for
Russia,59,dog Owner,cats
Russia,59,dog Owner,-
Russia,59,dog Owner,a
Russia,59,dog Owner,light
Russia,59,dog Owner,bulb
Russia,59,dog Owner,Trying
Russia,59,dog Owner,to
Russia,59,dog Owner,get
Russia,59,dog Owner,take
Russia,59,dog Owner,a
Russia,59,dog Owner,ray
Russia,59,dog Owner,does
Russia,59,dog Owner,not
Russia,59,dog Owner,understand
Russia,59,dog Owner,why
Russia,59,dog Owner,he
Russia,59,dog Owner,can
Russia,59,dog Owner,not
Russia,59,dog Owner,take
Russia,59,dog Owner,his
Russia,59,dog Owner,paw
Russia,59,dog Owner,or
Russia,59,dog Owner,mouth
Russia,59,dog Owner,refers
Russia,59,dog Owner,to
Russia,59,dog Owner,a
Russia,59,dog Owner,person
Russia,59,dog Owner,with
Russia,59,dog Owner,the
Russia,59,dog Owner,question
Russia,59,dog Owner,and
Russia,59,dog Owner,for
Russia,59,dog Owner,help
Russia,59,dog Owner,looking
Russia,59,dog Owner,at
Russia,59,dog Owner,the
Russia,59,dog Owner,operator
Russia,59,dog Owner,pulls
Russia,59,dog Owner,out
Russia,59,dog Owner,then
Russia,59,dog Owner,he
Russia,59,dog Owner,does
Russia,59,dog Owner,not
Russia,59,dog Owner,understand
Russia,59,dog Owner,wonders
Russia,59,dog Owner,ask
Russia,59,dog Owner,for
Russia,59,dog Owner,help
Russia,59,dog Owner,Excitation
Russia,59,dog Owner,and
Russia,59,dog Owner,joy
Russia,59,dog Owner,creativity
Russia,43,For a basic understanding of the behavior of dogs online courses reading of literature,The
Russia,43,For a basic understanding of the behavior of dogs online courses reading of literature,dog
Russia,43,For a basic understanding of the behavior of dogs online courses reading of literature,sees
Russia,43,For a basic understanding of the behavior of dogs online courses reading of literature,a
Russia,43,For a basic understanding of the behavior of dogs online courses reading of literature,moving
Russia,43,For a basic understanding of the behavior of dogs online courses reading of literature,object
Russia,43,For a basic understanding of the behavior of dogs online courses reading of literature,Trying
Russia,43,For a basic understanding of the behavior of dogs online courses reading of literature,to
Russia,43,For a basic understanding of the behavior of dogs online courses reading of literature,catch
Russia,43,For a basic understanding of the behavior of dogs online courses reading of literature,the
Russia,43,For a basic understanding of the behavior of dogs online courses reading of literature,object
Russia,43,For a basic understanding of the behavior of dogs online courses reading of literature,excited
Russia,43,For a basic understanding of the behavior of dogs online courses reading of literature,excited
Russia,57,For a basic understanding of the behavior of dogs online courses reading of literature,The
Russia,57,For a basic understanding of the behavior of dogs online courses reading of literature,owner
Russia,57,For a basic understanding of the behavior of dogs online courses reading of literature,has
Russia,57,For a basic understanding of the behavior of dogs online courses reading of literature,decided
Russia,57,For a basic understanding of the behavior of dogs online courses reading of literature,to
Russia,57,For a basic understanding of the behavior of dogs online courses reading of literature,show
Russia,57,For a basic understanding of the behavior of dogs online courses reading of literature,his
Russia,57,For a basic understanding of the behavior of dogs online courses reading of literature,dog
Russia,57,For a basic understanding of the behavior of dogs online courses reading of literature,playing
Russia,57,For a basic understanding of the behavior of dogs online courses reading of literature,a
Russia,57,For a basic understanding of the behavior of dogs online courses reading of literature,video
Russia,57,For a basic understanding of the behavior of dogs online courses reading of literature,game
Russia,57,For a basic understanding of the behavior of dogs online courses reading of literature,Dog
Russia,57,For a basic understanding of the behavior of dogs online courses reading of literature,tries
Russia,57,For a basic understanding of the behavior of dogs online courses reading of literature,to
Russia,57,For a basic understanding of the behavior of dogs online courses reading of literature,catch
Russia,57,For a basic understanding of the behavior of dogs online courses reading of literature,a
Russia,57,For a basic understanding of the behavior of dogs online courses reading of literature,moving
Russia,57,For a basic understanding of the behavior of dogs online courses reading of literature,object
Russia,57,For a basic understanding of the behavior of dogs online courses reading of literature,She
Russia,57,For a basic understanding of the behavior of dogs online courses reading of literature,is
Russia,57,For a basic understanding of the behavior of dogs online courses reading of literature,excited
Russia,57,For a basic understanding of the behavior of dogs online courses reading of literature,Strong
Russia,57,For a basic understanding of the behavior of dogs online courses reading of literature,agitation
Russia,57,For a basic understanding of the behavior of dogs online courses reading of literature,Her
Russia,57,For a basic understanding of the behavior of dogs online courses reading of literature,protruding
Russia,57,For a basic understanding of the behavior of dogs online courses reading of literature,tongue
Russia,57,For a basic understanding of the behavior of dogs online courses reading of literature,she
Russia,57,For a basic understanding of the behavior of dogs online courses reading of literature,is
Russia,57,For a basic understanding of the behavior of dogs online courses reading of literature,breathing
Russia,57,For a basic understanding of the behavior of dogs online courses reading of literature,hard
Russia,50,dog Owner,Apparently
Russia,50,dog Owner,its
Russia,50,dog Owner,an
Russia,50,dog Owner,interactive
Russia,50,dog Owner,game
Russia,50,dog Owner,Catches
Russia,50,dog Owner,the
Russia,50,dog Owner,ball
Russia,50,dog Owner,ball
Russia,50,dog Owner,Apparently
Russia,50,dog Owner,it
Russia,50,dog Owner,is
Russia,50,dog Owner,interesting
Russia,50,dog Owner,where
Russia,50,dog Owner,hiding
Russia,50,dog Owner,the
Russia,50,dog Owner,ball
Russia,50,dog Owner,ball
Russia,50,dog Owner,passion
Israel,42,For a basic understanding of the behavior of dogs online courses reading of literature,Dog
Israel,42,For a basic understanding of the behavior of dogs online courses reading of literature,playing
Israel,42,For a basic understanding of the behavior of dogs online courses reading of literature,in
Israel,42,For a basic understanding of the behavior of dogs online courses reading of literature,the
Israel,42,For a basic understanding of the behavior of dogs online courses reading of literature,plate
Israel,42,For a basic understanding of the behavior of dogs online courses reading of literature,Catches
Israel,42,For a basic understanding of the behavior of dogs online courses reading of literature,insects
Israel,42,For a basic understanding of the behavior of dogs online courses reading of literature,balls
Israel,42,For a basic understanding of the behavior of dogs online courses reading of literature,on
Israel,42,For a basic understanding of the behavior of dogs online courses reading of literature,the
Israel,42,For a basic understanding of the behavior of dogs online courses reading of literature,plate
Israel,42,For a basic understanding of the behavior of dogs online courses reading of literature,She
Israel,42,For a basic understanding of the behavior of dogs online courses reading of literature,plays
Israel,42,For a basic understanding of the behavior of dogs online courses reading of literature,busy
Israel,42,For a basic understanding of the behavior of dogs online courses reading of literature,passion
Finland,33,For a basic understanding of the behavior of dogs online courses reading of literature,Dog
Finland,33,For a basic understanding of the behavior of dogs online courses reading of literature,playing
Finland,33,For a basic understanding of the behavior of dogs online courses reading of literature,in
Finland,33,For a basic understanding of the behavior of dogs online courses reading of literature,the
Finland,33,For a basic understanding of the behavior of dogs online courses reading of literature,outdoor
Finland,33,For a basic understanding of the behavior of dogs online courses reading of literature,computer
Finland,33,For a basic understanding of the behavior of dogs online courses reading of literature,game
Finland,33,For a basic understanding of the behavior of dogs online courses reading of literature,Trying
Finland,33,For a basic understanding of the behavior of dogs online courses reading of literature,to
Finland,33,For a basic understanding of the behavior of dogs online courses reading of literature,catch
Finland,33,For a basic understanding of the behavior of dogs online courses reading of literature,the
Finland,33,For a basic understanding of the behavior of dogs online courses reading of literature,elusive
Finland,33,For a basic understanding of the behavior of dogs online courses reading of literature,moving
Finland,33,For a basic understanding of the behavior of dogs online courses reading of literature,object
Finland,33,For a basic understanding of the behavior of dogs online courses reading of literature,Dog
Finland,33,For a basic understanding of the behavior of dogs online courses reading of literature,plays
Finland,33,For a basic understanding of the behavior of dogs online courses reading of literature,with
Finland,33,For a basic understanding of the behavior of dogs online courses reading of literature,excitement
Finland,33,For a basic understanding of the behavior of dogs online courses reading of literature,and
Finland,33,For a basic understanding of the behavior of dogs online courses reading of literature,enthusiasm
Finland,33,For a basic understanding of the behavior of dogs online courses reading of literature,the
Finland,33,For a basic understanding of the behavior of dogs online courses reading of literature,dog
Finland,33,For a basic understanding of the behavior of dogs online courses reading of literature,does
Finland,33,For a basic understanding of the behavior of dogs online courses reading of literature,not
Finland,33,For a basic understanding of the behavior of dogs online courses reading of literature,quite
Finland,33,For a basic understanding of the behavior of dogs online courses reading of literature,understand
Finland,33,For a basic understanding of the behavior of dogs online courses reading of literature,what
Finland,33,For a basic understanding of the behavior of dogs online courses reading of literature,was
Finland,33,For a basic understanding of the behavior of dogs online courses reading of literature,going
Finland,33,For a basic understanding of the behavior of dogs online courses reading of literature,on
Finland,33,For a basic understanding of the behavior of dogs online courses reading of literature,action
Finland,33,For a basic understanding of the behavior of dogs online courses reading of literature,digging
Finland,33,For a basic understanding of the behavior of dogs online courses reading of literature,is
Finland,33,For a basic understanding of the behavior of dogs online courses reading of literature,amplified
Finland,33,For a basic understanding of the behavior of dogs online courses reading of literature,with
Finland,33,For a basic understanding of the behavior of dogs online courses reading of literature,time
Finland,33,For a basic understanding of the behavior of dogs online courses reading of literature,because
Finland,33,For a basic understanding of the behavior of dogs online courses reading of literature,It
Finland,33,For a basic understanding of the behavior of dogs online courses reading of literature,does
Finland,33,For a basic understanding of the behavior of dogs online courses reading of literature,not
Finland,33,For a basic understanding of the behavior of dogs online courses reading of literature,lead
Finland,33,For a basic understanding of the behavior of dogs online courses reading of literature,to
Finland,33,For a basic understanding of the behavior of dogs online courses reading of literature,a
Finland,33,For a basic understanding of the behavior of dogs online courses reading of literature,result
Finland,33,For a basic understanding of the behavior of dogs online courses reading of literature,-
Finland,33,For a basic understanding of the behavior of dogs online courses reading of literature,hence
Finland,33,For a basic understanding of the behavior of dogs online courses reading of literature,the
Finland,33,For a basic understanding of the behavior of dogs online courses reading of literature,animal
Finland,33,For a basic understanding of the behavior of dogs online courses reading of literature,inflates
Russia,37,For a basic understanding of the behavior of dogs online courses reading of literature,The
Russia,37,For a basic understanding of the behavior of dogs online courses reading of literature,dog
Russia,37,For a basic understanding of the behavior of dogs online courses reading of literature,sees
Russia,37,For a basic understanding of the behavior of dogs online courses reading of literature,a
Russia,37,For a basic understanding of the behavior of dogs online courses reading of literature,moving
Russia,37,For a basic understanding of the behavior of dogs online courses reading of literature,object
Russia,37,For a basic understanding of the behavior of dogs online courses reading of literature,on
Russia,37,For a basic understanding of the behavior of dogs online courses reading of literature,the
Russia,37,For a basic understanding of the behavior of dogs online courses reading of literature,tablet
Russia,37,For a basic understanding of the behavior of dogs online courses reading of literature,screen
Russia,37,For a basic understanding of the behavior of dogs online courses reading of literature,trying
Russia,37,For a basic understanding of the behavior of dogs online courses reading of literature,to
Russia,37,For a basic understanding of the behavior of dogs online courses reading of literature,catch
Russia,37,For a basic understanding of the behavior of dogs online courses reading of literature,him
Russia,37,For a basic understanding of the behavior of dogs online courses reading of literature,Dog
Russia,37,For a basic understanding of the behavior of dogs online courses reading of literature,in
Russia,37,For a basic understanding of the behavior of dogs online courses reading of literature,vain
Russia,37,For a basic understanding of the behavior of dogs online courses reading of literature,trying
Russia,37,For a basic understanding of the behavior of dogs online courses reading of literature,to
Russia,37,For a basic understanding of the behavior of dogs online courses reading of literature,catch
Russia,37,For a basic understanding of the behavior of dogs online courses reading of literature,the
Russia,37,For a basic understanding of the behavior of dogs online courses reading of literature,moving
Russia,37,For a basic understanding of the behavior of dogs online courses reading of literature,object
Russia,37,For a basic understanding of the behavior of dogs online courses reading of literature,on
Russia,37,For a basic understanding of the behavior of dogs online courses reading of literature,the
Russia,37,For a basic understanding of the behavior of dogs online courses reading of literature,tablet
Russia,37,For a basic understanding of the behavior of dogs online courses reading of literature,screen
Russia,37,For a basic understanding of the behavior of dogs online courses reading of literature,Excited
Russia,37,For a basic understanding of the behavior of dogs online courses reading of literature,and
Russia,37,For a basic understanding of the behavior of dogs online courses reading of literature,animated
Russia,37,For a basic understanding of the behavior of dogs online courses reading of literature,as
Russia,37,For a basic understanding of the behavior of dogs online courses reading of literature,Hunts
Russia,37,For a basic understanding of the behavior of dogs online courses reading of literature,to
Russia,37,For a basic understanding of the behavior of dogs online courses reading of literature,a
Russia,37,For a basic understanding of the behavior of dogs online courses reading of literature,moving
Russia,37,For a basic understanding of the behavior of dogs online courses reading of literature,object
Russia,37,For a basic understanding of the behavior of dogs online courses reading of literature,I
Russia,37,For a basic understanding of the behavior of dogs online courses reading of literature,can
Russia,37,For a basic understanding of the behavior of dogs online courses reading of literature,not
Russia,37,For a basic understanding of the behavior of dogs online courses reading of literature,understand
Russia,37,For a basic understanding of the behavior of dogs online courses reading of literature,why
Russia,37,For a basic understanding of the behavior of dogs online courses reading of literature,you
Russia,37,For a basic understanding of the behavior of dogs online courses reading of literature,can
Russia,37,For a basic understanding of the behavior of dogs online courses reading of literature,not
Russia,37,For a basic understanding of the behavior of dogs online courses reading of literature,catch
Russia,37,For a basic understanding of the behavior of dogs online courses reading of literature,him
Russia,37,For a basic understanding of the behavior of dogs online courses reading of literature,Wave
Russia,37,For a basic understanding of the behavior of dogs online courses reading of literature,Instituted
Russia,37,For a basic understanding of the behavior of dogs online courses reading of literature,harsh
Russia,37,For a basic understanding of the behavior of dogs online courses reading of literature,sounds
Russia,37,For a basic understanding of the behavior of dogs online courses reading of literature,of
Russia,37,For a basic understanding of the behavior of dogs online courses reading of literature,the
Russia,37,For a basic understanding of the behavior of dogs online courses reading of literature,food
Russia,37,For a basic understanding of the behavior of dogs online courses reading of literature,from
Russia,37,For a basic understanding of the behavior of dogs online courses reading of literature,the
Russia,37,For a basic understanding of the behavior of dogs online courses reading of literature,plate
Norway,34,For a basic understanding of the behavior of dogs online courses reading of literature,It
Norway,34,For a basic understanding of the behavior of dogs online courses reading of literature,is
Norway,34,For a basic understanding of the behavior of dogs online courses reading of literature,shown
Norway,34,For a basic understanding of the behavior of dogs online courses reading of literature,as
Norway,34,For a basic understanding of the behavior of dogs online courses reading of literature,a
Norway,34,For a basic understanding of the behavior of dogs online courses reading of literature,dog
Norway,34,For a basic understanding of the behavior of dogs online courses reading of literature,playing
Norway,34,For a basic understanding of the behavior of dogs online courses reading of literature,Playing
Norway,34,For a basic understanding of the behavior of dogs online courses reading of literature,I
Norway,34,For a basic understanding of the behavior of dogs online courses reading of literature,think
Norway,34,For a basic understanding of the behavior of dogs online courses reading of literature,it
Norway,34,For a basic understanding of the behavior of dogs online courses reading of literature,is
Norway,34,For a basic understanding of the behavior of dogs online courses reading of literature,interesting
Norway,34,For a basic understanding of the behavior of dogs online courses reading of literature,Vozuzhdenie?
Norway,34,For a basic understanding of the behavior of dogs online courses reading of literature,I
Norway,34,For a basic understanding of the behavior of dogs online courses reading of literature,do
Norway,34,For a basic understanding of the behavior of dogs online courses reading of literature,not
Norway,34,For a basic understanding of the behavior of dogs online courses reading of literature,know
Russia,53,dog Owner,The
Russia,53,dog Owner,dog
Russia,53,dog Owner,reacts
Russia,53,dog Owner,to
Russia,53,dog Owner,the
Russia,53,dog Owner,sound
Russia,53,dog Owner,and
Russia,53,dog Owner,movement
Russia,53,dog Owner,of
Russia,53,dog Owner,the
Russia,53,dog Owner,light
Russia,53,dog Owner,signal
Russia,53,dog Owner,on
Russia,53,dog Owner,the
Russia,53,dog Owner,tablet
Russia,53,dog Owner,screen
Russia,53,dog Owner,Catches
Russia,53,dog Owner,from
Russia,53,dog Owner,the
Russia,53,dog Owner,screen
Russia,53,dog Owner,reflected
Russia,53,dog Owner,light
Russia,53,dog Owner,signal
Russia,53,dog Owner,dapper
Russia,53,dog Owner,The
Russia,53,dog Owner,dog
Russia,53,dog Owner,is
Russia,53,dog Owner,nervous
Russia,53,dog Owner,irritation
Russia,43,dog Owner,dog
Russia,43,dog Owner,sees
Russia,43,dog Owner,a
Russia,43,dog Owner,bright
Russia,43,dog Owner,spot
Russia,43,dog Owner,on
Russia,43,dog Owner,the
Russia,43,dog Owner,tablet
Russia,43,dog Owner,screen
Russia,43,dog Owner,and
Russia,43,dog Owner,trying
Russia,43,dog Owner,to
Russia,43,dog Owner,play
Russia,43,dog Owner,with
Russia,43,dog Owner,it
Russia,43,dog Owner,as
Russia,43,dog Owner,with
Russia,43,dog Owner,this
Russia,43,dog Owner,toy
Russia,43,dog Owner,He
Russia,43,dog Owner,is
Russia,43,dog Owner,trying
Russia,43,dog Owner,to
Russia,43,dog Owner,catch
Russia,43,dog Owner,a
Russia,43,dog Owner,moving
Russia,43,dog Owner,point
Russia,43,dog Owner,to
Russia,43,dog Owner,manage
Russia,43,dog Owner,it
Russia,43,dog Owner,which
Russia,43,dog Owner,of
Russia,43,dog Owner,course
Russia,43,dog Owner,it
Russia,43,dog Owner,can
Russia,43,dog Owner,not
Russia,43,dog Owner,I
Russia,43,dog Owner,believe
Russia,43,dog Owner,that
Russia,43,dog Owner,the
Russia,43,dog Owner,dog
Russia,43,dog Owner,may
Russia,43,dog Owner,be
Russia,43,dog Owner,frustrated
Russia,43,dog Owner,by
Russia,43,dog Owner,this
Russia,43,dog Owner,game
Russia,43,dog Owner,the
Russia,43,dog Owner,desire
Russia,43,dog Owner,to
Russia,43,dog Owner,cause
Russia,43,dog Owner,a
Russia,43,dog Owner,squeaking
Russia,43,dog Owner,sound
Russia,43,dog Owner,stepping
Russia,43,dog Owner,paw
Russia,43,dog Owner,on
Russia,43,dog Owner,the
Russia,43,dog Owner,screen
Estonia,56,For a basic understanding of the behavior of dogs online courses reading of literature,Dog
Estonia,56,For a basic understanding of the behavior of dogs online courses reading of literature,playing
Estonia,56,For a basic understanding of the behavior of dogs online courses reading of literature,Dog
Estonia,56,For a basic understanding of the behavior of dogs online courses reading of literature,tries
Estonia,56,For a basic understanding of the behavior of dogs online courses reading of literature,to
Estonia,56,For a basic understanding of the behavior of dogs online courses reading of literature,catch
Estonia,56,For a basic understanding of the behavior of dogs online courses reading of literature,something
Estonia,56,For a basic understanding of the behavior of dogs online courses reading of literature,moving
Estonia,56,For a basic understanding of the behavior of dogs online courses reading of literature,on
Estonia,56,For a basic understanding of the behavior of dogs online courses reading of literature,the
Estonia,56,For a basic understanding of the behavior of dogs online courses reading of literature,tablet
Estonia,56,For a basic understanding of the behavior of dogs online courses reading of literature,screen
Estonia,56,For a basic understanding of the behavior of dogs online courses reading of literature,The
Estonia,56,For a basic understanding of the behavior of dogs online courses reading of literature,dog
Estonia,56,For a basic understanding of the behavior of dogs online courses reading of literature,is
Estonia,56,For a basic understanding of the behavior of dogs online courses reading of literature,interested
Estonia,56,For a basic understanding of the behavior of dogs online courses reading of literature,Dog
Estonia,56,For a basic understanding of the behavior of dogs online courses reading of literature,excited
Russia,46,For a basic understanding of the behavior of dogs online courses reading of literature,dog
Russia,46,For a basic understanding of the behavior of dogs online courses reading of literature,explores
Russia,46,For a basic understanding of the behavior of dogs online courses reading of literature,the
Russia,46,For a basic understanding of the behavior of dogs online courses reading of literature,moving
Russia,46,For a basic understanding of the behavior of dogs online courses reading of literature,object
Russia,46,For a basic understanding of the behavior of dogs online courses reading of literature,Exhibits
Russia,46,For a basic understanding of the behavior of dogs online courses reading of literature,natural
Russia,46,For a basic understanding of the behavior of dogs online courses reading of literature,hunting
Russia,46,For a basic understanding of the behavior of dogs online courses reading of literature,instinct
Russia,46,For a basic understanding of the behavior of dogs online courses reading of literature,She
Russia,46,For a basic understanding of the behavior of dogs online courses reading of literature,tries
Russia,46,For a basic understanding of the behavior of dogs online courses reading of literature,to
Russia,46,For a basic understanding of the behavior of dogs online courses reading of literature,catch
Russia,46,For a basic understanding of the behavior of dogs online courses reading of literature,and
Russia,46,For a basic understanding of the behavior of dogs online courses reading of literature,makes
Russia,46,For a basic understanding of the behavior of dogs online courses reading of literature,attempts
Russia,46,For a basic understanding of the behavior of dogs online courses reading of literature,Passion
Russia,46,For a basic understanding of the behavior of dogs online courses reading of literature,excitement
Israel,32,veterinarian,dog
Israel,32,veterinarian,playing
Israel,32,veterinarian,with
Israel,32,veterinarian,the
Israel,32,veterinarian,tablet
Israel,32,veterinarian,Trying
Israel,32,veterinarian,to
Israel,32,veterinarian,catch
Israel,32,veterinarian,a
Israel,32,veterinarian,moving
Israel,32,veterinarian,object
Israel,32,veterinarian,she
Israel,32,veterinarian,is
Israel,32,veterinarian,interested
Israel,32,veterinarian,but
Israel,32,veterinarian,then
Israel,32,veterinarian,realizes
Israel,32,veterinarian,that
Israel,32,veterinarian,her
Israel,32,veterinarian,futile
Israel,32,veterinarian,attempts
Israel,32,veterinarian,excitation
Israel,54,dog Owner,Dog
Israel,54,dog Owner,tries
Israel,54,dog Owner,to
Israel,54,dog Owner,catch
Israel,54,dog Owner,a
Israel,54,dog Owner,point
Israel,54,dog Owner,that
Israel,54,dog Owner,moves
Israel,54,dog Owner,on
Israel,54,dog Owner,the
Israel,54,dog Owner,screen
Israel,54,dog Owner,She
Israel,54,dog Owner,is
Israel,54,dog Owner,at
Israel,54,dog Owner,a
Israel,54,dog Owner,loss
Israel,54,dog Owner,and
Israel,54,dog Owner,does
Israel,54,dog Owner,not
Israel,54,dog Owner,know
Israel,54,dog Owner,what
Israel,54,dog Owner,it
Israel,54,dog Owner,is
Israel,54,dog Owner,To
Israel,54,dog Owner,support
Israel,54,dog Owner,and
Israel,54,dog Owner,possibly
Israel,54,dog Owner,to
Israel,54,dog Owner,understand
Israel,54,dog Owner,looking
Israel,54,dog Owner,at
Israel,54,dog Owner,his
Israel,54,dog Owner,master
Israel,54,dog Owner,She
Israel,54,dog Owner,has
Israel,54,dog Owner,a
Israel,54,dog Owner,good
Israel,54,dog Owner,mood
Israel,54,dog Owner,she
Israel,54,dog Owner,is
Israel,54,dog Owner,confident
Russia,28,For a basic understanding of the behavior of dogs online courses reading of literature,It
Russia,28,For a basic understanding of the behavior of dogs online courses reading of literature,is
Russia,28,For a basic understanding of the behavior of dogs online courses reading of literature,shown
Russia,28,For a basic understanding of the behavior of dogs online courses reading of literature,as
Russia,28,For a basic understanding of the behavior of dogs online courses reading of literature,a
Russia,28,For a basic understanding of the behavior of dogs online courses reading of literature,dog
Russia,28,For a basic understanding of the behavior of dogs online courses reading of literature,playing
Russia,28,For a basic understanding of the behavior of dogs online courses reading of literature,with
Russia,28,For a basic understanding of the behavior of dogs online courses reading of literature,a
Russia,28,For a basic understanding of the behavior of dogs online courses reading of literature,toy
Russia,28,For a basic understanding of the behavior of dogs online courses reading of literature,on
Russia,28,For a basic understanding of the behavior of dogs online courses reading of literature,the
Russia,28,For a basic understanding of the behavior of dogs online courses reading of literature,tablet
Russia,28,For a basic understanding of the behavior of dogs online courses reading of literature,Trying
Russia,28,For a basic understanding of the behavior of dogs online courses reading of literature,to
Russia,28,For a basic understanding of the behavior of dogs online courses reading of literature,catch
Russia,28,For a basic understanding of the behavior of dogs online courses reading of literature,a
Russia,28,For a basic understanding of the behavior of dogs online courses reading of literature,spot
Russia,28,For a basic understanding of the behavior of dogs online courses reading of literature,of
Russia,28,For a basic understanding of the behavior of dogs online courses reading of literature,light
Russia,28,For a basic understanding of the behavior of dogs online courses reading of literature,that
Russia,28,For a basic understanding of the behavior of dogs online courses reading of literature,appears
Russia,28,For a basic understanding of the behavior of dogs online courses reading of literature,on
Russia,28,For a basic understanding of the behavior of dogs online courses reading of literature,the
Russia,28,For a basic understanding of the behavior of dogs online courses reading of literature,tablet
Russia,28,For a basic understanding of the behavior of dogs online courses reading of literature,screen
Russia,28,For a basic understanding of the behavior of dogs online courses reading of literature,as
Russia,28,For a basic understanding of the behavior of dogs online courses reading of literature,if
Russia,28,For a basic understanding of the behavior of dogs online courses reading of literature,it
Russia,28,For a basic understanding of the behavior of dogs online courses reading of literature,is
Russia,28,For a basic understanding of the behavior of dogs online courses reading of literature,on
Russia,28,For a basic understanding of the behavior of dogs online courses reading of literature,the
Russia,28,For a basic understanding of the behavior of dogs online courses reading of literature,floor
Russia,28,For a basic understanding of the behavior of dogs online courses reading of literature,Dog
Russia,28,For a basic understanding of the behavior of dogs online courses reading of literature,catches
Russia,28,For a basic understanding of the behavior of dogs online courses reading of literature,and
Russia,28,For a basic understanding of the behavior of dogs online courses reading of literature,digs
Russia,28,For a basic understanding of the behavior of dogs online courses reading of literature,a
Russia,28,For a basic understanding of the behavior of dogs online courses reading of literature,light
Russia,28,For a basic understanding of the behavior of dogs online courses reading of literature,spot
Russia,28,For a basic understanding of the behavior of dogs online courses reading of literature,it
Russia,28,For a basic understanding of the behavior of dogs online courses reading of literature,is
Russia,28,For a basic understanding of the behavior of dogs online courses reading of literature,interested
Russia,28,For a basic understanding of the behavior of dogs online courses reading of literature,she
Russia,28,For a basic understanding of the behavior of dogs online courses reading of literature,was
Russia,28,For a basic understanding of the behavior of dogs online courses reading of literature,fun
Belarus,50,dog Owner,someone
Belarus,50,dog Owner,alive
Belarus,50,dog Owner,for
Belarus,50,dog Owner,example
Belarus,50,dog Owner,white
Belarus,50,dog Owner,mouse
Belarus,50,dog Owner,He
Belarus,50,dog Owner,wants
Belarus,50,dog Owner,to
Belarus,50,dog Owner,play
Belarus,50,dog Owner,she
Belarus,50,dog Owner,was
Belarus,50,dog Owner,interested
Belarus,50,dog Owner,excitement
Belarus,50,dog Owner,and
Belarus,50,dog Owner,positive
Russia,37,The expert  professional,Dog
Russia,37,The expert  professional,playing
Russia,37,The expert  professional,Dog
Russia,37,The expert  professional,sees
Russia,37,The expert  professional,exactly
Russia,37,The expert  professional,the
Russia,37,The expert  professional,point
Russia,37,The expert  professional,circle
Russia,37,The expert  professional,which
Russia,37,The expert  professional,are
Russia,37,The expert  professional,displayed
Russia,37,The expert  professional,on
Russia,37,The expert  professional,the
Russia,37,The expert  professional,tablet
Russia,37,The expert  professional,screen
Russia,37,The expert  professional,trying
Russia,37,The expert  professional,to
Russia,37,The expert  professional,understand
Russia,37,The expert  professional,what
Russia,37,The expert  professional,it
Russia,37,The expert  professional,is
Russia,37,The expert  professional,play
Russia,37,The expert  professional,she
Russia,37,The expert  professional,tries
Russia,37,The expert  professional,to
Russia,37,The expert  professional,pick
Russia,37,The expert  professional,up
Russia,37,The expert  professional,the
Russia,37,The expert  professional,circle
Russia,37,The expert  professional,When
Russia,37,The expert  professional,the
Russia,37,The expert  professional,circle
Russia,37,The expert  professional,disappears
Russia,37,The expert  professional,from
Russia,37,The expert  professional,the
Russia,37,The expert  professional,screen
Russia,37,The expert  professional,the
Russia,37,The expert  professional,dog
Russia,37,The expert  professional,understands
Russia,37,The expert  professional,that
Russia,37,The expert  professional,the
Russia,37,The expert  professional,circle
Russia,37,The expert  professional,somewhere
Russia,37,The expert  professional,in
Russia,37,The expert  professional,the
Russia,37,The expert  professional,black
Russia,37,The expert  professional,frame
Russia,37,The expert  professional,but
Russia,37,The expert  professional,it
Russia,37,The expert  professional,is
Russia,37,The expert  professional,within
Russia,37,The expert  professional,this
Russia,37,The expert  professional,black
Russia,37,The expert  professional,border
Russia,37,The expert  professional,as
Russia,37,The expert  professional,it
Russia,37,The expert  professional,does
Russia,37,The expert  professional,not
Russia,37,The expert  professional,try
Russia,37,The expert  professional,to
Russia,37,The expert  professional,dig
Russia,37,The expert  professional,or
Russia,37,The expert  professional,search
Russia,37,The expert  professional,for
Russia,37,The expert  professional,a
Russia,37,The expert  professional,circle
Russia,37,The expert  professional,outside
Russia,37,The expert  professional,of
Russia,37,The expert  professional,the
Russia,37,The expert  professional,tablet
Russia,37,The expert  professional,screen
Russia,37,The expert  professional,the
Russia,37,The expert  professional,dog
Russia,37,The expert  professional,is
Russia,37,The expert  professional,excited
Russia,37,The expert  professional,plays
Russia,37,The expert  professional,nervous
Ukraine,13 years,dog Owner,As
Ukraine,13 years,dog Owner,the
Ukraine,13 years,dog Owner,dog
Ukraine,13 years,dog Owner,plays
Ukraine,13 years,dog Owner,a
Ukraine,13 years,dog Owner,computer
Ukraine,13 years,dog Owner,game
Ukraine,13 years,dog Owner,Playing
Ukraine,13 years,dog Owner,the
Ukraine,13 years,dog Owner,game
Ukraine,13 years,dog Owner,on
Ukraine,13 years,dog Owner,the
Ukraine,13 years,dog Owner,tablet
Ukraine,13 years,dog Owner,She
Ukraine,13 years,dog Owner,is
Ukraine,13 years,dog Owner,keen
Ukraine,13 years,dog Owner,But
Ukraine,13 years,dog Owner,nervous
Ukraine,13 years,dog Owner,did
Ukraine,13 years,dog Owner,not
Ukraine,13 years,dog Owner,understand
Ukraine,13 years,dog Owner,why
Ukraine,13 years,dog Owner,mouse
Ukraine,13 years,dog Owner,is
Ukraine,13 years,dog Owner,not
Ukraine,13 years,dog Owner,taken
Ukraine,13 years,dog Owner,in
Ukraine,13 years,dog Owner,the
Ukraine,13 years,dog Owner,teeth
Ukraine,13 years,dog Owner,I
Ukraine,13 years,dog Owner,do
Ukraine,13 years,dog Owner,not
Ukraine,13 years,dog Owner,know
Ukraine,13 years,dog Owner,how
Ukraine,13 years,dog Owner,useful
Ukraine,13 years,dog Owner,it
Ukraine,13 years,dog Owner,is
Ukraine,13 years,dog Owner,for
Ukraine,13 years,dog Owner,the
Ukraine,13 years,dog Owner,eyes
Ukraine,13 years,dog Owner,and
Ukraine,13 years,dog Owner,mind
Ukraine,13 years,dog Owner,The
Ukraine,13 years,dog Owner,excitement
Ukraine,13 years,dog Owner,and
Ukraine,13 years,dog Owner,commitment
Ukraine,37,dog Owner,Playing
Ukraine,37,dog Owner,dog
Ukraine,37,dog Owner,Monitors
Ukraine,37,dog Owner,the
Ukraine,37,dog Owner,little
Ukraine,37,dog Owner,ball
Ukraine,37,dog Owner,on
Ukraine,37,dog Owner,the
Ukraine,37,dog Owner,screen
Ukraine,37,dog Owner,She
Ukraine,37,dog Owner,follows
Ukraine,37,dog Owner,the
Ukraine,37,dog Owner,ball
Ukraine,37,dog Owner,but
Ukraine,37,dog Owner,she
Ukraine,37,dog Owner,does
Ukraine,37,dog Owner,not
Ukraine,37,dog Owner,understand
Ukraine,37,dog Owner,what
Ukraine,37,dog Owner,happens
Ukraine,37,dog Owner,to
Ukraine,37,dog Owner,the
Ukraine,37,dog Owner,ball
Ukraine,37,dog Owner,I
Ukraine,37,dog Owner,do
Ukraine,37,dog Owner,not
Ukraine,37,dog Owner,know
Russia,37,For a basic understanding of the behavior of dogs online courses reading of literature,Dog
Russia,37,For a basic understanding of the behavior of dogs online courses reading of literature,playing
Russia,37,For a basic understanding of the behavior of dogs online courses reading of literature,the
Russia,37,For a basic understanding of the behavior of dogs online courses reading of literature,game
Russia,37,For a basic understanding of the behavior of dogs online courses reading of literature,on
Russia,37,For a basic understanding of the behavior of dogs online courses reading of literature,the
Russia,37,For a basic understanding of the behavior of dogs online courses reading of literature,tablet
Russia,37,For a basic understanding of the behavior of dogs online courses reading of literature,Dog
Russia,37,For a basic understanding of the behavior of dogs online courses reading of literature,tries
Russia,37,For a basic understanding of the behavior of dogs online courses reading of literature,to
Russia,37,For a basic understanding of the behavior of dogs online courses reading of literature,catch
Russia,37,For a basic understanding of the behavior of dogs online courses reading of literature,the
Russia,37,For a basic understanding of the behavior of dogs online courses reading of literature,elusive
Russia,37,For a basic understanding of the behavior of dogs online courses reading of literature,white
Russia,37,For a basic understanding of the behavior of dogs online courses reading of literature,point
Russia,37,For a basic understanding of the behavior of dogs online courses reading of literature,She
Russia,37,For a basic understanding of the behavior of dogs online courses reading of literature,is
Russia,37,For a basic understanding of the behavior of dogs online courses reading of literature,very
Russia,37,For a basic understanding of the behavior of dogs online courses reading of literature,interested
Russia,37,For a basic understanding of the behavior of dogs online courses reading of literature,dog
Russia,37,For a basic understanding of the behavior of dogs online courses reading of literature,playing
Russia,37,For a basic understanding of the behavior of dogs online courses reading of literature,having
Russia,37,For a basic understanding of the behavior of dogs online courses reading of literature,fun
Russia,37,For a basic understanding of the behavior of dogs online courses reading of literature,Excitation
Belarus,37,For a basic understanding of the behavior of dogs online courses reading of literature,Dog
Belarus,37,For a basic understanding of the behavior of dogs online courses reading of literature,playing
Belarus,37,For a basic understanding of the behavior of dogs online courses reading of literature,in
Belarus,37,For a basic understanding of the behavior of dogs online courses reading of literature,the
Belarus,37,For a basic understanding of the behavior of dogs online courses reading of literature,game
Belarus,37,For a basic understanding of the behavior of dogs online courses reading of literature,in
Belarus,37,For a basic understanding of the behavior of dogs online courses reading of literature,the
Belarus,37,For a basic understanding of the behavior of dogs online courses reading of literature,plate
Belarus,37,For a basic understanding of the behavior of dogs online courses reading of literature,running
Belarus,37,For a basic understanding of the behavior of dogs online courses reading of literature,around
Belarus,37,For a basic understanding of the behavior of dogs online courses reading of literature,trying
Belarus,37,For a basic understanding of the behavior of dogs online courses reading of literature,to
Belarus,37,For a basic understanding of the behavior of dogs online courses reading of literature,catch
Belarus,37,For a basic understanding of the behavior of dogs online courses reading of literature,the
Belarus,37,For a basic understanding of the behavior of dogs online courses reading of literature,point
Belarus,37,For a basic understanding of the behavior of dogs online courses reading of literature,Catches
Belarus,37,For a basic understanding of the behavior of dogs online courses reading of literature,paws
Belarus,37,For a basic understanding of the behavior of dogs online courses reading of literature,this
Belarus,37,For a basic understanding of the behavior of dogs online courses reading of literature,point
Belarus,37,For a basic understanding of the behavior of dogs online courses reading of literature,Similarly
Belarus,37,For a basic understanding of the behavior of dogs online courses reading of literature,irritation
Russia,33,I know nothing,A
Russia,33,I know nothing,game
Russia,33,I know nothing,Playing
Russia,33,I know nothing,with
Russia,33,I know nothing,the
Russia,33,I know nothing,white
Russia,33,I know nothing,dot
Russia,33,I know nothing,on
Russia,33,I know nothing,the
Russia,33,I know nothing,plate
Russia,33,I know nothing,Trying
Russia,33,I know nothing,to
Russia,33,I know nothing,catch
Russia,33,I know nothing,the
Russia,33,I know nothing,white
Russia,33,I know nothing,ball
Russia,33,I know nothing,I
Russia,33,I know nothing,think
Russia,33,I know nothing,it
Russia,33,I know nothing,is
Russia,33,I know nothing,not
Russia,33,I know nothing,in
Russia,33,I know nothing,itself
Republic of Belarus,39,dog Owner,Because
Republic of Belarus,39,dog Owner,I
Republic of Belarus,39,dog Owner,am
Republic of Belarus,39,dog Owner,your
Republic of Belarus,39,dog Owner,long-time
Republic of Belarus,39,dog Owner,subscriber
Republic of Belarus,39,dog Owner,such
Republic of Belarus,39,dog Owner,a
Republic of Belarus,39,dog Owner,video
Republic of Belarus,39,dog Owner,is
Republic of Belarus,39,dog Owner,seen
Republic of Belarus,39,dog Owner,Dogs
Republic of Belarus,39,dog Owner,entertain
Republic of Belarus,39,dog Owner,the
Republic of Belarus,39,dog Owner,moving
Republic of Belarus,39,dog Owner,picture
Republic of Belarus,39,dog Owner,Dog
Republic of Belarus,39,dog Owner,suggests
Republic of Belarus,39,dog Owner,that
Republic of Belarus,39,dog Owner,playing
Republic of Belarus,39,dog Owner,with
Republic of Belarus,39,dog Owner,real
Republic of Belarus,39,dog Owner,object
Republic of Belarus,39,dog Owner,Dog
Republic of Belarus,39,dog Owner,of
Republic of Belarus,39,dog Owner,course
Republic of Belarus,39,dog Owner,actively
Republic of Belarus,39,dog Owner,catching
Republic of Belarus,39,dog Owner,spot
Republic of Belarus,39,dog Owner,In
Republic of Belarus,39,dog Owner,a
Republic of Belarus,39,dog Owner,short
Republic of Belarus,39,dog Owner,video
Republic of Belarus,39,dog Owner,do
Republic of Belarus,39,dog Owner,not
Republic of Belarus,39,dog Owner,understand
Republic of Belarus,39,dog Owner,the
Republic of Belarus,39,dog Owner,whole
Republic of Belarus,39,dog Owner,picture
Republic of Belarus,39,dog Owner,Nothing
Republic of Belarus,39,dog Owner,It
Republic of Belarus,39,dog Owner,is
Republic of Belarus,39,dog Owner,like
Republic of Belarus,39,dog Owner,a
Republic of Belarus,39,dog Owner,squirrel
Republic of Belarus,39,dog Owner,in
Republic of Belarus,39,dog Owner,a
Republic of Belarus,39,dog Owner,cage
Republic of Belarus,39,dog Owner,can
Republic of Belarus,39,dog Owner,only
Republic of Belarus,39,dog Owner,see
Republic of Belarus,39,dog Owner,where
Republic of Belarus,39,dog Owner,to
Republic of Belarus,39,dog Owner,run
Republic of Belarus,39,dog Owner,and
Republic of Belarus,39,dog Owner,does
Republic of Belarus,39,dog Owner,not
Republic of Belarus,39,dog Owner,know
Republic of Belarus,39,dog Owner,how
Republic of Belarus,39,dog Owner,to
Republic of Belarus,39,dog Owner,stop
Israel,32,beginner,interaction
Israel,32,beginner,dogs
Israel,32,beginner,and
Israel,32,beginner,aypada
Israel,32,beginner,catches
Israel,32,beginner,a
Israel,32,beginner,cockroach
Israel,32,beginner,she
Israel,32,beginner,thinks
Israel,32,beginner,its
Israel,32,beginner,all
Israel,32,beginner,real
Israel,32,beginner,interest
RF,46,dog Owner,Dog
RF,46,dog Owner,tries
RF,46,dog Owner,to
RF,46,dog Owner,catch
RF,46,dog Owner,the
RF,46,dog Owner,ball
RF,46,dog Owner,image
RF,46,dog Owner,Dog
RF,46,dog Owner,tries
RF,46,dog Owner,to
RF,46,dog Owner,fix
RF,46,dog Owner,the
RF,46,dog Owner,ball
RF,46,dog Owner,with
RF,46,dog Owner,his
RF,46,dog Owner,paw
RF,46,dog Owner,on
RF,46,dog Owner,the
RF,46,dog Owner,screen
RF,46,dog Owner,Dog
RF,46,dog Owner,for
RF,46,dog Owner,a
RF,46,dog Owner,while
RF,46,dog Owner,trying
RF,46,dog Owner,to
RF,46,dog Owner,get
RF,46,dog Owner,the
RF,46,dog Owner,ball
RF,46,dog Owner,then
RF,46,dog Owner,finally
RF,46,dog Owner,loses
RF,46,dog Owner,interest
RF,46,dog Owner,and
RF,46,dog Owner,leaves
RF,46,dog Owner,emotional
RF,46,dog Owner,excitement
Russia,52,The owner of two dogs,dog
Russia,52,The owner of two dogs,shows
Russia,52,The owner of two dogs,interest
Russia,52,The owner of two dogs,in
Russia,52,The owner of two dogs,dvuzhuschemusya
Russia,52,The owner of two dogs,ball
Russia,52,The owner of two dogs,on
Russia,52,The owner of two dogs,a
Russia,52,The owner of two dogs,plate
Russia,52,The owner of two dogs,exploring
Russia,52,The owner of two dogs,the
Russia,52,The owner of two dogs,ball
Russia,52,The owner of two dogs,in
Russia,52,The owner of two dogs,the
Russia,52,The owner of two dogs,game
Russia,52,The owner of two dogs,trying
Russia,52,The owner of two dogs,to
Russia,52,The owner of two dogs,touch
Russia,52,The owner of two dogs,him
Russia,52,The owner of two dogs,exploring
Russia,52,The owner of two dogs,game
Russia,50,For a basic understanding of the behavior of dogs online courses reading of literature,moving
Russia,50,For a basic understanding of the behavior of dogs online courses reading of literature,object
Russia,50,For a basic understanding of the behavior of dogs online courses reading of literature,touch
Russia,50,For a basic understanding of the behavior of dogs online courses reading of literature,foot
Russia,50,For a basic understanding of the behavior of dogs online courses reading of literature,she
Russia,50,For a basic understanding of the behavior of dogs online courses reading of literature,plays
Russia,50,For a basic understanding of the behavior of dogs online courses reading of literature,passion
Israel,57,For a basic understanding of the behavior of dogs online courses reading of literature,In
Israel,57,For a basic understanding of the behavior of dogs online courses reading of literature,this
Israel,57,For a basic understanding of the behavior of dogs online courses reading of literature,video
Israel,57,For a basic understanding of the behavior of dogs online courses reading of literature,filmed
Israel,57,For a basic understanding of the behavior of dogs online courses reading of literature,a
Israel,57,For a basic understanding of the behavior of dogs online courses reading of literature,dog
Israel,57,For a basic understanding of the behavior of dogs online courses reading of literature,playing
Israel,57,For a basic understanding of the behavior of dogs online courses reading of literature,on
Israel,57,For a basic understanding of the behavior of dogs online courses reading of literature,the
Israel,57,For a basic understanding of the behavior of dogs online courses reading of literature,tablet
Israel,57,For a basic understanding of the behavior of dogs online courses reading of literature,Dog
Israel,57,For a basic understanding of the behavior of dogs online courses reading of literature,catches
Israel,57,For a basic understanding of the behavior of dogs online courses reading of literature,the
Israel,57,For a basic understanding of the behavior of dogs online courses reading of literature,electronic
Israel,57,For a basic understanding of the behavior of dogs online courses reading of literature,marker
Israel,57,For a basic understanding of the behavior of dogs online courses reading of literature,cursor
Israel,57,For a basic understanding of the behavior of dogs online courses reading of literature,It
Israel,57,For a basic understanding of the behavior of dogs online courses reading of literature,sells
Israel,57,For a basic understanding of the behavior of dogs online courses reading of literature,its
Israel,57,For a basic understanding of the behavior of dogs online courses reading of literature,instikt
Israel,57,For a basic understanding of the behavior of dogs online courses reading of literature,The
Israel,57,For a basic understanding of the behavior of dogs online courses reading of literature,desire
Israel,57,For a basic understanding of the behavior of dogs online courses reading of literature,to
Israel,57,For a basic understanding of the behavior of dogs online courses reading of literature,clean
Israel,57,For a basic understanding of the behavior of dogs online courses reading of literature,But
Israel,57,For a basic understanding of the behavior of dogs online courses reading of literature,cyclical
Israel,57,For a basic understanding of the behavior of dogs online courses reading of literature,action
Israel,57,For a basic understanding of the behavior of dogs online courses reading of literature,may
Israel,57,For a basic understanding of the behavior of dogs online courses reading of literature,lead
Israel,57,For a basic understanding of the behavior of dogs online courses reading of literature,to
Israel,57,For a basic understanding of the behavior of dogs online courses reading of literature,cognitive
Israel,57,For a basic understanding of the behavior of dogs online courses reading of literature,dissonance
Israel,57,For a basic understanding of the behavior of dogs online courses reading of literature,The
Israel,57,For a basic understanding of the behavior of dogs online courses reading of literature,dog
Israel,57,For a basic understanding of the behavior of dogs online courses reading of literature,may
Israel,57,For a basic understanding of the behavior of dogs online courses reading of literature,surrender
Israel,57,For a basic understanding of the behavior of dogs online courses reading of literature,in
Israel,57,For a basic understanding of the behavior of dogs online courses reading of literature,contrast
Israel,57,For a basic understanding of the behavior of dogs online courses reading of literature,to
Israel,57,For a basic understanding of the behavior of dogs online courses reading of literature,the
Israel,57,For a basic understanding of the behavior of dogs online courses reading of literature,previous
Israel,57,For a basic understanding of the behavior of dogs online courses reading of literature,case
Israel,57,For a basic understanding of the behavior of dogs online courses reading of literature,will
Israel,57,For a basic understanding of the behavior of dogs online courses reading of literature,be
Israel,57,For a basic understanding of the behavior of dogs online courses reading of literature,negative
Israel,57,For a basic understanding of the behavior of dogs online courses reading of literature,and
Israel,57,For a basic understanding of the behavior of dogs online courses reading of literature,will
Israel,57,For a basic understanding of the behavior of dogs online courses reading of literature,perpetuate
Israel,57,For a basic understanding of the behavior of dogs online courses reading of literature,negative
Israel,57,For a basic understanding of the behavior of dogs online courses reading of literature,skill
Israel,56,dog Owner,Signature
Israel,56,dog Owner,of
Israel,56,dog Owner,the
Israel,56,dog Owner,video
Israel,56,dog Owner,Dog
Israel,56,dog Owner,playing
Israel,56,dog Owner,in
Israel,56,dog Owner,the
Israel,56,dog Owner,cat
Israel,56,dog Owner,game
Israel,56,dog Owner,Trying
Israel,56,dog Owner,to
Israel,56,dog Owner,catch
Israel,56,dog Owner,the
Israel,56,dog Owner,light
Israel,56,dog Owner,point
Israel,56,dog Owner,mouse
Israel,56,dog Owner,which
Israel,56,dog Owner,moves
Israel,56,dog Owner,randomly
Israel,56,dog Owner,on
Israel,56,dog Owner,the
Israel,56,dog Owner,screen
Israel,56,dog Owner,of
Israel,56,dog Owner,the
Israel,56,dog Owner,tablet
Israel,56,dog Owner,Dog
Israel,56,dog Owner,paw
Israel,56,dog Owner,trying
Israel,56,dog Owner,to
Israel,56,dog Owner,pin
Israel,56,dog Owner,down
Israel,56,dog Owner,a
Israel,56,dog Owner,moving
Israel,56,dog Owner,point
Israel,56,dog Owner,of
Israel,56,dog Owner,light
Israel,56,dog Owner,It
Israel,56,dog Owner,is
Israel,56,dog Owner,under
Israel,56,dog Owner,stress
Russia,39,Owner reading books and attending courses,York
Russia,39,Owner reading books and attending courses,playing
Russia,39,Owner reading books and attending courses,in
Russia,39,Owner reading books and attending courses,the
Russia,39,Owner reading books and attending courses,tablet
Russia,39,Owner reading books and attending courses,and
Russia,39,Owner reading books and attending courses,judging
Russia,39,Owner reading books and attending courses,by
Russia,39,Owner reading books and attending courses,the
Russia,39,Owner reading books and attending courses,video
Russia,39,Owner reading books and attending courses,title
Russia,39,Owner reading books and attending courses,-
Russia,39,Owner reading books and attending courses,a
Russia,39,Owner reading books and attending courses,game
Russia,39,Owner reading books and attending courses,for
Russia,39,Owner reading books and attending courses,cats
Russia,39,Owner reading books and attending courses,Catches
Russia,39,Owner reading books and attending courses,bright
Russia,39,Owner reading books and attending courses,spot
Russia,39,Owner reading books and attending courses,She
Russia,39,Owner reading books and attending courses,is
Russia,39,Owner reading books and attending courses,interested
Russia,39,Owner reading books and attending courses,keen
Russia,39,Owner reading books and attending courses,but
Russia,39,Owner reading books and attending courses,after
Russia,39,Owner reading books and attending courses,looking
Russia,39,Owner reading books and attending courses,at
Russia,39,Owner reading books and attending courses,the
Russia,39,Owner reading books and attending courses,host
Russia,39,Owner reading books and attending courses,-
Russia,39,Owner reading books and attending courses,probably
Russia,39,Owner reading books and attending courses,awaiting
Russia,39,Owner reading books and attending courses,approval
Russia,39,Owner reading books and attending courses,I
Russia,39,Owner reading books and attending courses,think
Russia,39,Owner reading books and attending courses,she
Russia,39,Owner reading books and attending courses,is
Russia,39,Owner reading books and attending courses,tired
Russia,39,Owner reading books and attending courses,and
Russia,39,Owner reading books and attending courses,becomes
Russia,39,Owner reading books and attending courses,hysterical
Russia,39,Owner reading books and attending courses,because
Russia,39,Owner reading books and attending courses,of
Russia,39,Owner reading books and attending courses,the
Russia,39,Owner reading books and attending courses,fact
Russia,39,Owner reading books and attending courses,that
Russia,39,Owner reading books and attending courses,he
Russia,39,Owner reading books and attending courses,can
Russia,39,Owner reading books and attending courses,not
Russia,39,Owner reading books and attending courses,catch
Russia,39,Owner reading books and attending courses,a
Russia,39,Owner reading books and attending courses,mouse
Russia,32,For a basic understanding of the behavior of dogs online courses reading of literature,video
Russia,32,For a basic understanding of the behavior of dogs online courses reading of literature,dog
Russia,32,For a basic understanding of the behavior of dogs online courses reading of literature,playing
Russia,32,For a basic understanding of the behavior of dogs online courses reading of literature,with
Russia,32,For a basic understanding of the behavior of dogs online courses reading of literature,a
Russia,32,For a basic understanding of the behavior of dogs online courses reading of literature,tablet
Russia,32,For a basic understanding of the behavior of dogs online courses reading of literature,Dog
Russia,32,For a basic understanding of the behavior of dogs online courses reading of literature,catches
Russia,32,For a basic understanding of the behavior of dogs online courses reading of literature,beam
Russia,32,For a basic understanding of the behavior of dogs online courses reading of literature,on
Russia,32,For a basic understanding of the behavior of dogs online courses reading of literature,the
Russia,32,For a basic understanding of the behavior of dogs online courses reading of literature,tablet
Russia,32,For a basic understanding of the behavior of dogs online courses reading of literature,screen
Russia,32,For a basic understanding of the behavior of dogs online courses reading of literature,Dog
Russia,32,For a basic understanding of the behavior of dogs online courses reading of literature,catches
Russia,32,For a basic understanding of the behavior of dogs online courses reading of literature,a
Russia,32,For a basic understanding of the behavior of dogs online courses reading of literature,ray
Russia,32,For a basic understanding of the behavior of dogs online courses reading of literature,of
Russia,32,For a basic understanding of the behavior of dogs online courses reading of literature,foot
Russia,32,For a basic understanding of the behavior of dogs online courses reading of literature,on
Russia,32,For a basic understanding of the behavior of dogs online courses reading of literature,the
Russia,32,For a basic understanding of the behavior of dogs online courses reading of literature,screen
Russia,32,For a basic understanding of the behavior of dogs online courses reading of literature,it
Russia,32,For a basic understanding of the behavior of dogs online courses reading of literature,wags
Russia,32,For a basic understanding of the behavior of dogs online courses reading of literature,its
Russia,32,For a basic understanding of the behavior of dogs online courses reading of literature,tail
Russia,32,For a basic understanding of the behavior of dogs online courses reading of literature,passionate
Russia,32,For a basic understanding of the behavior of dogs online courses reading of literature,about
Russia,32,For a basic understanding of the behavior of dogs online courses reading of literature,the
Russia,32,For a basic understanding of the behavior of dogs online courses reading of literature,game
Russia,32,For a basic understanding of the behavior of dogs online courses reading of literature,stress
Russia,34,The expert  professional,The
Russia,34,The expert  professional,dog
Russia,34,The expert  professional,was
Russia,34,The expert  professional,offered
Russia,34,The expert  professional,to
Russia,34,The expert  professional,play
Russia,34,The expert  professional,on
Russia,34,The expert  professional,the
Russia,34,The expert  professional,tablet
Russia,34,The expert  professional,Trying
Russia,34,The expert  professional,to
Russia,34,The expert  professional,get
Russia,34,The expert  professional,moving
Russia,34,The expert  professional,bright
Russia,34,The expert  professional,spot
Russia,34,The expert  professional,of
Russia,34,The expert  professional,the
Russia,34,The expert  professional,tablet
Russia,34,The expert  professional,paw
Russia,34,The expert  professional,and
Russia,34,The expert  professional,muzzle
Russia,34,The expert  professional,and
Russia,34,The expert  professional,sometimes
Russia,34,The expert  professional,frightened
Russia,34,The expert  professional,him
Russia,34,The expert  professional,She
Russia,34,The expert  professional,looks
Russia,34,The expert  professional,concerned
Russia,34,The expert  professional,he
Russia,34,The expert  professional,wags
Russia,34,The expert  professional,his
Russia,34,The expert  professional,tail
Russia,34,The expert  professional,looking
Russia,34,The expert  professional,back
Russia,34,The expert  professional,on
Russia,34,The expert  professional,the
Russia,34,The expert  professional,host
Russia,34,The expert  professional,but
Russia,34,The expert  professional,perhaps
Russia,34,The expert  professional,too
Russia,34,The expert  professional,excited
Russia,34,The expert  professional,though
Russia,34,The expert  professional,perhaps
Russia,34,The expert  professional,it
Russia,34,The expert  professional,is
Russia,34,The expert  professional,she
Russia,34,The expert  professional,has
Russia,34,The expert  professional,such
Russia,34,The expert  professional,a
Russia,34,The expert  professional,temper
Russia,34,The expert  professional,excitement
Russia,34,The expert  professional,irritation
Russia,34,The expert  professional,nervousness
Russia,34,The expert  professional,discontent
Russia,39,dog Owner,York
Russia,39,dog Owner,is
Russia,39,dog Owner,interested
Russia,39,dog Owner,what
Russia,39,dog Owner,is
Russia,39,dog Owner,happening
Russia,39,dog Owner,on
Russia,39,dog Owner,the
Russia,39,dog Owner,screen
Russia,39,dog Owner,of
Russia,39,dog Owner,the
Russia,39,dog Owner,tablet
Russia,39,dog Owner,Playing
Russia,39,dog Owner,catch
Russia,39,dog Owner,the
Russia,39,dog Owner,ball
Russia,39,dog Owner,She
Russia,39,dog Owner,is
Russia,39,dog Owner,interested
Russia,39,dog Owner,keen
Russia,39,dog Owner,I
Russia,39,dog Owner,think
Russia,39,dog Owner,that
Russia,39,dog Owner,it
Russia,39,dog Owner,is
Russia,39,dog Owner,under
Russia,39,dog Owner,stress
Russia,45,dog Owner,Playing
Russia,45,dog Owner,with
Russia,45,dog Owner,the
Russia,45,dog Owner,dog
Russia,45,dog Owner,with
Russia,45,dog Owner,the
Russia,45,dog Owner,help
Russia,45,dog Owner,of
Russia,45,dog Owner,a
Russia,45,dog Owner,laser
Russia,45,dog Owner,pointer
Russia,45,dog Owner,Trying
Russia,45,dog Owner,to
Russia,45,dog Owner,catch
Russia,45,dog Owner,the
Russia,45,dog Owner,light
Russia,45,dog Owner,spot
Russia,45,dog Owner,She
Russia,45,dog Owner,is
Russia,45,dog Owner,interested
Russia,45,dog Owner,in
Russia,45,dog Owner,for
Russia,45,dog Owner,it
Russia,45,dog Owner,this
Russia,45,dog Owner,game
Russia,45,dog Owner,and
Russia,45,dog Owner,hunting
Russia,45,dog Owner,hardly
Russia,45,dog Owner,azart-
Russia,45,dog Owner,rather
Russia,45,dog Owner,the
Russia,45,dog Owner,joy
Russia,45,dog Owner,of
Russia,45,dog Owner,a
Russia,45,dog Owner,job
Russia,45,dog Owner,well
Russia,45,dog Owner,done
Russia,60 years,The expert  professional,As
Russia,60 years,The expert  professional,a
Russia,60 years,The expert  professional,dog
Russia,60 years,The expert  professional,running
Russia,60 years,The expert  professional,around
Russia,60 years,The expert  professional,playing
Russia,60 years,The expert  professional,with
Russia,60 years,The expert  professional,balls
Russia,60 years,The expert  professional,on
Russia,60 years,The expert  professional,the
Russia,60 years,The expert  professional,plate
Russia,60 years,The expert  professional,He
Russia,60 years,The expert  professional,is
Russia,60 years,The expert  professional,trying
Russia,60 years,The expert  professional,to
Russia,60 years,The expert  professional,get
Russia,60 years,The expert  professional,a
Russia,60 years,The expert  professional,paw
Russia,60 years,The expert  professional,ball
,,,
